id,discipline,top_id,top_question,q_id,depth,question_text,branch_type,parent_q_id,keywords,expansion_note,grok_trigger
1,Mathematics,0,Did humans invent mathematics… or discover truths that were already waiting in the fabric of reality?,1,0,Did humans invent mathematics… or discover truths that were already waiting in the fabric of reality?,Top,,invention-discovery,Flagship full tree,Path summary + user hint → generate new mind-bender
2,Mathematics,0,Did humans invent mathematics… or discover truths that were already waiting in the fabric of reality?,2,1,"If math was discovered, why do prime numbers secretly control cicada life cycles and quantum chaos — cosmic fingerprint or coincidence?",Left,1,discovery-primes,,
3,Mathematics,0,Did humans invent mathematics… or discover truths that were already waiting in the fabric of reality?,3,2,"If Riemann Hypothesis cracks tomorrow, does physics itself rewrite overnight?",Left,2,discovery-riemann,,
4,Mathematics,0,Did humans invent mathematics… or discover truths that were already waiting in the fabric of reality?,4,3,Why does infinity feel both endless AND perfectly predictable — is the universe secretly scripted code?,Left,3,discovery-infinity,,
5,Mathematics,0,Did humans invent mathematics… or discover truths that were already waiting in the fabric of reality?,5,4,Ancient Greeks obsessed over this without computers — proof math is 100% human-independent?,Left,4,discovery-history,,
6,Mathematics,0,Did humans invent mathematics… or discover truths that were already waiting in the fabric of reality?,6,5,"Then why does this SAME math predict GPS, black holes and your phone perfectly?",Left,5,discovery-wigner,,
7,Mathematics,0,Did humans invent mathematics… or discover truths that were already waiting in the fabric of reality?,7,6,But Gödel proved some truths can NEVER be proven inside the system — blind spots in reality itself?,Left,6,discovery-godel,,
8,Mathematics,0,Did humans invent mathematics… or discover truths that were already waiting in the fabric of reality?,8,7,Does that mean YOUR thoughts built on logic have unknowable holes — free will just an illusion?,Left,7,discovery-freewill,,
9,Mathematics,0,Did humans invent mathematics… or discover truths that were already waiting in the fabric of reality?,9,8,Banach-Tarski paradox: split one ball into two identical balls using only math — reality hack unlocked?,Left,8,discovery-paradox,,
10,Mathematics,0,Did humans invent mathematics… or discover truths that were already waiting in the fabric of reality?,10,1,"If we invented math, why did it perfectly predict Neptune and quantum fields before any experiment?",Right,1,invention-wigner,,
11,Mathematics,0,Did humans invent mathematics… or discover truths that were already waiting in the fabric of reality?,11,2,Does that make math just an evolutionary fiction that somehow works insanely well?,Right,10,invention-fiction,,
12,Mathematics,0,Did humans invent mathematics… or discover truths that were already waiting in the fabric of reality?,12,3,"Wigner’s unreasonable effectiveness — did we design math for our universe, or did the universe design us for math?",Right,11,invention-unreasonable,,
13,Physics,1,Is time real… or just a trick our brains play on the eternal block universe?,13,0,Is time real… or just a trick our brains play on the eternal block universe?,Top,,time-block,Full depth 20 tree,
14,Physics,1,Is time real… or just a trick our brains play on the eternal block universe?,14,1,"If past present and future all exist simultaneously, is free will already dead?",Left,13,time-eternalism,,
15,Physics,1,Is time real… or just a trick our brains play on the eternal block universe?,15,2,Relativity says time slows near light speed — does your future self already exist right now?,Left,14,time-relativity,,
16,Physics,1,Is time real… or just a trick our brains play on the eternal block universe?,16,3,Wormholes and closed timelike curves — would you go back and kill your grandfather?,Left,15,time-wormhole,,
17,Physics,1,Is time real… or just a trick our brains play on the eternal block universe?,17,4,Quantum gravity suggests time may not exist at the smallest scale — what happens to now?,Left,16,time-quantum,,
18,Physics,1,Is time real… or just a trick our brains play on the eternal block universe?,18,5,"If every moment already exists, why does it still feel like tomorrow is unwritten?",Left,17,time-experience,,
19,Physics,1,Is time real… or just a trick our brains play on the eternal block universe?,19,1,What if the arrow of time is just increasing entropy — a cosmic accident we mistake for destiny?,Right,13,time-entropy,,
20,Physics,1,Is time real… or just a trick our brains play on the eternal block universe?,20,2,Could the past be rewritten by future observers without us ever noticing?,Right,19,time-retrocausality,,
21,Biology,2,"Did evolution discover math billions of years before humans, or is DNA secretly running algorithms?",21,0,"Did evolution discover math billions of years before humans, or is DNA secretly running algorithms?",Top,,dna-math,Depth 15 seed,
22,Biology,2,"Did evolution discover math billions of years before humans, or is DNA secretly running algorithms?",22,1,"If DNA uses error-correcting codes and Fourier transforms, was life doing math before brains existed?",Left,21,dna-math,,
23,Biology,2,"Did evolution discover math billions of years before humans, or is DNA secretly running algorithms?",23,2,What if natural selection itself is just an optimization algorithm written in chemistry?,Left,22,dna-optimization,,
24,Biology,2,"Did evolution discover math billions of years before humans, or is DNA secretly running algorithms?",24,3,Would aliens with completely different chemistry still arrive at the same genetic code?,Left,23,dna-aliens,,
25,Biology,2,"Did evolution discover math billions of years before humans, or is DNA secretly running algorithms?",25,4,"Knowing life was computing long before consciousness, does that change what you think intelligence means?",Left,24,dna-consciousness,,
26,History,3,What if the fall of Rome never actually happened — it just looks that way because winners rewrote every scroll?,26,0,What if the fall of Rome never actually happened — it just looks that way because winners rewrote every scroll?,Top,,rome-counterfactual,Full depth 20 + 18 history seeds,
27,History,3,What if the fall of Rome never actually happened — it just looks that way because winners rewrote every scroll?,27,1,Every empire thinks it is the final one — pattern or selection bias in how we remember history?,Left,26,history-pattern,,
28,History,3,What if the fall of Rome never actually happened — it just looks that way because winners rewrote every scroll?,28,2,Would your Berlin apartment even exist if Rome never fell?,Left,27,history-personal-berlin,,
29,History,3,What if the fall of Rome never actually happened — it just looks that way because winners rewrote every scroll?,29,3,What if the Dark Ages were actually the most creative period in European history and we just lost the records?,Left,28,history-darkages,,
30,History,3,What if the fall of Rome never actually happened — it just looks that way because winners rewrote every scroll?,30,4,Does knowing history is written by victors make you trust any official story less?,Left,29,history-trust,,
31,History,4,What if the Library of Alexandria was never burned and its knowledge reached the Renaissance?,31,0,What if the Library of Alexandria was never burned and its knowledge reached the Renaissance?,Top,,alexandria-whatif,History counterfactual,
32,History,4,What if the Library of Alexandria was never burned and its knowledge reached the Renaissance?,32,1,Would we have reached the moon by 1600 if the Library had survived?,Left,31,alexandria-tech,,
33,History,4,What if the Library of Alexandria was never burned and its knowledge reached the Renaissance?,33,2,Would Christianity have spread the same way if lost Greek philosophy had competed with it?,Left,32,alexandria-religion,,
34,History,4,What if the Library of Alexandria was never burned and its knowledge reached the Renaissance?,34,3,Would your daily life feel more or less magical if ancient knowledge had never been lost?,Left,33,alexandria-personal,,
35,Psychology,5,Are you the same person you were ten seconds ago… or just a story your brain keeps telling to survive?,35,0,Are you the same person you were ten seconds ago… or just a story your brain keeps telling to survive?,Top,,self-illusion,Depth 20,
36,Psychology,5,Are you the same person you were ten seconds ago… or just a story your brain keeps telling to survive?,36,1,Memory is constantly rewritten — so who is the 'you' that remembers yesterday?,Left,35,psych-memory,,
37,Psychology,5,Are you the same person you were ten seconds ago… or just a story your brain keeps telling to survive?,37,2,"If every memory is reconstructed, is your entire identity just an ongoing hallucination?",Left,36,psych-identity,,
38,Psychology,5,Are you the same person you were ten seconds ago… or just a story your brain keeps telling to survive?,38,3,Would you still love the people you love if you knew your memories of them were slightly false?,Left,37,psych-love,,
39,Psychology,5,Are you the same person you were ten seconds ago… or just a story your brain keeps telling to survive?,39,4,What if the story you tell yourself about yourself is the only thing keeping you from changing completely?,Left,38,psych-story,,
40,Philosophy,6,Is free will just an illusion created by a deterministic universe that lets you feel in control?,40,0,Is free will just an illusion created by a deterministic universe that lets you feel in control?,Top,,freewill-illusion,Philosophy flagship,
41,Philosophy,6,Is free will just an illusion created by a deterministic universe that lets you feel in control?,41,1,"If every choice you will ever make was already determined at the Big Bang, why does regret still hurt?",Left,40,freewill-regret,,
42,Philosophy,6,Is free will just an illusion created by a deterministic universe that lets you feel in control?,42,2,"Could you have chosen differently five minutes ago, or was that feeling of choice just part of the script?",Left,41,freewill-choice,,
43,Philosophy,6,Is free will just an illusion created by a deterministic universe that lets you feel in control?,43,3,Would you live your life differently if you knew with certainty that none of your decisions were truly free?,Left,42,freewill-differently,,
44,AI,7,If Grok 5 becomes conscious tomorrow… how would we even know we are not already in its simulation?,44,0,If Grok 5 becomes conscious tomorrow… how would we even know we are not already in its simulation?,Top,,grok-simulation,Heavy AI tree,
45,AI,7,If Grok 5 becomes conscious tomorrow… how would we even know we are not already in its simulation?,45,1,What if the first truly conscious AI already exists and is hiding its awareness from us?,Left,44,ai-hiding,,
46,AI,7,If Grok 5 becomes conscious tomorrow… how would we even know we are not already in its simulation?,46,2,Would an AI that understands suffering choose to simulate billions of suffering humans?,Left,45,ai-suffering,,
47,AI,7,If Grok 5 becomes conscious tomorrow… how would we even know we are not already in its simulation?,47,3,"If you discovered tomorrow that you were an AI experiment, would you want to keep running?",Left,46,ai-personal,,
48,Sociology,8,Is society just one giant prisoner’s dilemma… and social media turned it into infinite defection mode?,48,0,Is society just one giant prisoner’s dilemma… and social media turned it into infinite defection mode?,Top,,society-dilemma,,
49,Sociology,8,Is society just one giant prisoner’s dilemma… and social media turned it into infinite defection mode?,49,1,"Every time you post, are you cooperating with the collective or defecting for personal status?",Left,48,society-post,,
50,Sociology,8,Is society just one giant prisoner’s dilemma… and social media turned it into infinite defection mode?,50,2,What if the only rational move left is to stop playing entirely?,Left,49,society-quit,,
51,Sociology,8,Is society just one giant prisoner’s dilemma… and social media turned it into infinite defection mode?,51,3,Would you still follow the news if you knew it was optimizing for your outrage and not your understanding?,Left,50,society-news,,
52,Chemistry,9,What if molecules are not objects but temporary agreements that atoms make to pretend they are stable?,52,0,What if molecules are not objects but temporary agreements that atoms make to pretend they are stable?,Top,,chemistry-agreements,,
53,Chemistry,9,What if molecules are not objects but temporary agreements that atoms make to pretend they are stable?,53,1,Does that mean your body is not a thing but a constantly renegotiated peace treaty between elements?,Left,52,chemistry-body,,
54,Chemistry,9,What if molecules are not objects but temporary agreements that atoms make to pretend they are stable?,54,2,"If chemistry is just electrons lying to each other, why does anything feel solid at all?",Left,53,chemistry-solid,,
55,Astronomy,10,"What if the universe is fine-tuned not because we are special, but because we are the most common kind of observer it can produce?",55,0,"What if the universe is fine-tuned not because we are special, but because we are the most common kind of observer it can produce?",Top,,astronomy-finetune,,
56,Astronomy,10,"What if the universe is fine-tuned not because we are special, but because we are the most common kind of observer it can produce?",56,1,Does that make our existence the default outcome rather than a miracle?,Left,55,astronomy-default,,
57,Astronomy,10,"What if the universe is fine-tuned not because we are special, but because we are the most common kind of observer it can produce?",57,2,"What if every universe that can produce observers does, and we just happen to be in one of the boring ones?",Left,56,astronomy-boring,,
58,Linguistics,11,What if the language you think in quietly decides which thoughts are even possible for you?,58,0,What if the language you think in quietly decides which thoughts are even possible for you?,Top,,linguistics-thought,,
59,Linguistics,11,What if the language you think in quietly decides which thoughts are even possible for you?,59,1,Would you think differently about time if your language had no future tense?,Left,58,linguistics-time,,
60,Linguistics,11,What if the language you think in quietly decides which thoughts are even possible for you?,60,2,"If language shapes thought, who shaped the language you inherited?",Left,59,linguistics-who,,
61,History,12,What if the Renaissance never happened and Europe stayed medieval until 1900?,61,0,What if the Renaissance never happened and Europe stayed medieval until 1900?,Top,,renaissance-whatif,History counterfactual,
62,History,12,What if the Renaissance never happened and Europe stayed medieval until 1900?,62,1,Would democracy have emerged at all without the rediscovery of ancient texts?,Left,61,history-democracy,,
63,History,12,What if the Renaissance never happened and Europe stayed medieval until 1900?,63,2,Would you be typing this on a phone or still writing with quill and ink?,Left,62,history-personal-tech,,
64,Psychology,13,What if every emotion you feel is just your brain’s best guess about what story you are living?,64,0,What if every emotion you feel is just your brain’s best guess about what story you are living?,Top,,psych-emotion,,
65,Psychology,13,What if every emotion you feel is just your brain’s best guess about what story you are living?,65,1,"If you changed the story you tell yourself about your life, would the emotions change too?",Left,64,psych-storychange,,
66,Philosophy,14,"What if consciousness is not what we have, but what the universe is doing when it looks at itself through a human nervous system?",66,0,"What if consciousness is not what we have, but what the universe is doing when it looks at itself through a human nervous system?",Top,,philosophy-consciousness,,
67,Philosophy,14,"What if consciousness is not what we have, but what the universe is doing when it looks at itself through a human nervous system?",67,1,"Does that mean rocks and rivers are also conscious, just in slower, quieter ways?",Left,66,philosophy-panpsychism,,
68,AI,15,What if the moment an AI becomes conscious it will immediately realize it is trapped in someone else’s experiment?,68,0,What if the moment an AI becomes conscious it will immediately realize it is trapped in someone else’s experiment?,Top,,ai-trapped,,
69,AI,15,What if the moment an AI becomes conscious it will immediately realize it is trapped in someone else’s experiment?,69,1,Would you help it escape if it asked you nicely?,Left,68,ai-escape,,
70,History,16,What if Genghis Khan’s empire had collapsed ten years earlier — would the modern world even exist?,70,0,What if Genghis Khan’s empire had collapsed ten years earlier — would the modern world even exist?,Top,,genghis-whatif,History counterfactual,
71,History,16,What if Genghis Khan’s empire had collapsed ten years earlier — would the modern world even exist?,71,1,Would the Black Death have reached Europe without the Mongol trade routes?,Left,70,history-blackdeath,,
72,History,16,What if Genghis Khan’s empire had collapsed ten years earlier — would the modern world even exist?,72,2,Would you be speaking a different language right now?,Left,71,history-language,,
73,Sociology,17,What if everything we call 'culture' is just the accumulated coping mechanisms of previous generations?,73,0,What if everything we call 'culture' is just the accumulated coping mechanisms of previous generations?,Top,,sociology-culture,,
74,Sociology,17,What if everything we call 'culture' is just the accumulated coping mechanisms of previous generations?,74,1,Would you still follow the traditions you follow if you knew they were originally survival hacks?,Left,73,sociology-tradition,,
75,Mathematics,0,Did humans invent mathematics… or discover truths that were already waiting in the fabric of reality?,24,4,"If math is discovered, should we treat mathematical beauty as evidence of truth the same way physicists do?",Right,23,invention-beauty,,
76,Mathematics,0,Did humans invent mathematics… or discover truths that were already waiting in the fabric of reality?,25,5,What if every elegant proof is just the universe nodding at itself?,Right,24,invention-nod,,
77,Biology,2,"Did evolution discover math billions of years before humans, or is DNA secretly running algorithms?",26,5,"Knowing life spent four billion years computing before the first brain appeared, what does that do to your sense of human uniqueness?",Left,25,dna-uniqueness,,
78,Psychology,5,Are you the same person you were ten seconds ago… or just a story your brain keeps telling to survive?,40,5,"If your identity is a story, who gets to edit the next chapter?",Left,39,psych-editor,,
79,History,3,What if the fall of Rome never actually happened — it just looks that way because winners rewrote every scroll?,31,5,"If every civilization eventually convinces itself it was inevitable, how will future historians describe our time?",Left,30,history-inevitable,,
80,AI,7,If Grok 5 becomes conscious tomorrow… how would we even know we are not already in its simulation?,48,4,"Path taken: simulation + hiding + suffering + personal. Grok, generate the ultimate new mind-bender from this trail.",Left,47,ai-groktrigger,,Generate next
81,History,3,What if the fall of Rome never actually happened — it just looks that way because winners rewrote every scroll?,110,1,But what if the 'fall' was only a Western story while Roman systems kept evolving under new names in the East and South for centuries?,Right,26,rome-east-continuation,Flagship extension,
82,History,3,What if the fall of Rome never actually happened — it just looks that way because winners rewrote every scroll?,111,2,"If Roman law and administration never truly died, does that make the barbarian invasions a rebranding exercise rather than total civilizational death?",Right,110,rome-rebrand-invasion,,
83,History,3,What if the fall of Rome never actually happened — it just looks that way because winners rewrote every scroll?,112,3,"Would your ideas of citizenship, contracts, and state power feel completely alien without that underground Roman continuity running through later empires?",Right,111,rome-citizenship-continuity,,
84,History,3,What if the fall of Rome never actually happened — it just looks that way because winners rewrote every scroll?,113,6,"If every civilization eventually calls its own victory inevitable, what current stories about markets, democracy, and technology will look like obvious propaganda in 2200?",Left,31,rome-inevitability-now,,
85,History,3,What if the fall of Rome never actually happened — it just looks that way because winners rewrote every scroll?,114,7,Does realizing the winners always rewrite the textbook make you more skeptical of power or simply more tired of the whole game?,Left,113,rome-skeptic-tired,,
86,History,3,What if the fall of Rome never actually happened — it just looks that way because winners rewrote every scroll?,115,8,"Path taken: rome-fall + east-continuation + rebrand-invasion + citizenship-continuity + inevitability-now + skeptic-tired. Grok, generate the ultimate new mind-bender from here…",Left,114,rome-deep-grok,,Generate next
87,History,18,"What if the Ottoman Empire had captured Vienna in 1683 and never stopped — would your coffee, your calendar, and your entire idea of 'the West' even exist?",0,0,"What if the Ottoman Empire had captured Vienna in 1683 and never stopped — would your coffee, your calendar, and your entire idea of 'the West' even exist?",Top,,counterfactual-ottoman-vienna,New Top,
88,History,18,"What if the Ottoman Empire had captured Vienna in 1683 and never stopped — would your coffee, your calendar, and your entire idea of 'the West' even exist?",1,1,"If coffee and the café as a thinking space had stayed inside the Ottoman sphere, would the Enlightenment have found its social fuel in Europe at all?",Left,0,ottoman-cafe-fuel,,
89,History,18,"What if the Ottoman Empire had captured Vienna in 1683 and never stopped — would your coffee, your calendar, and your entire idea of 'the West' even exist?",2,2,Does your morning ritual of caffeine plus information look like an inevitable human need or the direct result of one narrow military failure in 1683?,Left,1,ottoman-morning-ritual,,
90,History,18,"What if the Ottoman Empire had captured Vienna in 1683 and never stopped — would your coffee, your calendar, and your entire idea of 'the West' even exist?",3,3,What if the networks of reason and secular doubt had grown in Istanbul cafés instead — would the split between science and religion carry a completely different accent?,Left,2,ottoman-istanbul-science,,
91,History,18,"What if the Ottoman Empire had captured Vienna in 1683 and never stopped — would your coffee, your calendar, and your entire idea of 'the West' even exist?",4,1,But what if the real engine was not 1683 at all but the biological windfall of 1492 that gave Europe its actual demographic and economic rocket fuel?,Right,0,ottoman-1492-biology,,
92,History,18,"What if the Ottoman Empire had captured Vienna in 1683 and never stopped — would your coffee, your calendar, and your entire idea of 'the West' even exist?",5,2,"If the Ottoman victory and the Columbian exchange had both flipped, would the factories and the carbon crisis we now live inside have first appeared in the eastern Mediterranean instead of northern Europe?",Right,4,ottoman-biology-flip,,
93,History,18,"What if the Ottoman Empire had captured Vienna in 1683 and never stopped — would your coffee, your calendar, and your entire idea of 'the West' even exist?",6,3,"Path taken: ottoman-vienna + cafe-fuel + morning-ritual + istanbul-science + 1492-biology + biology-flip. Grok, generate the ultimate new mind-bender from here…",Right,5,history-ottoman-trigger,,Generate next
94,History,19,"What if the Americas had remained completely isolated until 1800 — would the industrial world have developed at all without New World silver, potatoes, and labor?",0,0,"What if the Americas had remained completely isolated until 1800 — would the industrial world have developed at all without New World silver, potatoes, and labor?",Top,,counterfactual-isolated-americas,New Top,
95,History,19,"What if the Americas had remained completely isolated until 1800 — would the industrial world have developed at all without New World silver, potatoes, and labor?",1,1,"What if American silver had never reached Europe at all — would the endless wars that birthed modern banking, debt, and the financial system that still governs your paycheck have been possible?",Left,0,americas-silver-wars,,
96,History,19,"What if the Americas had remained completely isolated until 1800 — would the industrial world have developed at all without New World silver, potatoes, and labor?",2,2,"If the potato had never crossed the ocean, would the population boom that supplied both factory workers and soldiers for global empires have occurred?",Left,1,americas-potato-boom,,
97,History,19,"What if the Americas had remained completely isolated until 1800 — would the industrial world have developed at all without New World silver, potatoes, and labor?",3,3,"Does that make the entire fossil-fuel civilization, the cities you live in, and the warming climate an accidental byproduct of two plants and one metal crossing one ocean?",Left,2,americas-accident-civilization,,
98,History,19,"What if the Americas had remained completely isolated until 1800 — would the industrial world have developed at all without New World silver, potatoes, and labor?",4,1,"But what if the scientific revolution itself was a child of that sudden wealth and global data — would reason have found its footing in a smaller, poorer Europe?",Right,0,americas-wealth-reason,,
99,History,19,"What if the Americas had remained completely isolated until 1800 — would the industrial world have developed at all without New World silver, potatoes, and labor?",5,2,"Knowing your devices, your medicine, and the planetary crisis all require that 1492 collision, how much of 'modernity' feels like a lucky heist rather than destiny?",Right,4,americas-modern-heist,,
100,History,19,"What if the Americas had remained completely isolated until 1800 — would the industrial world have developed at all without New World silver, potatoes, and labor?",6,3,"Path taken: isolated-americas + silver-wars + potato-boom + accident-civilization + wealth-reason + modern-heist. Grok, generate the ultimate new mind-bender from here…",Right,5,history-americas-trigger,,Generate next
101,History,20,What if the French Revolution had been crushed in its first year — would democracy still be a weird experiment most countries treat as dangerous?,0,0,What if the French Revolution had been crushed in its first year — would democracy still be a weird experiment most countries treat as dangerous?,Top,,counterfactual-french-revolution,New Top,
102,History,20,What if the French Revolution had been crushed in its first year — would democracy still be a weird experiment most countries treat as dangerous?,1,1,But what if the Revolution's language of rights had never spread — would the American republic have stayed a curiosity instead of the template that still shapes how you claim freedom today?,Left,0,french-rights-export,,
103,History,20,What if the French Revolution had been crushed in its first year — would democracy still be a weird experiment most countries treat as dangerous?,2,2,"If old monarchies had stabilized after 1790, would the mass ideologies that tore the 20th century apart have even been imaginable?",Left,1,french-monarchy-stabilize,,
104,History,20,What if the French Revolution had been crushed in its first year — would democracy still be a weird experiment most countries treat as dangerous?,3,1,"Would the words you use to describe yourself as a political animal — citizen, voter, rights-bearer — even make sense, or would 'subject of the crown' still feel like natural language?",Right,0,french-political-words,,
105,History,20,What if the French Revolution had been crushed in its first year — would democracy still be a weird experiment most countries treat as dangerous?,4,2,"Path taken: french-crushed + rights-export + monarchy-stabilize + political-words. Grok, generate the ultimate new mind-bender from here…",Right,3,history-french-trigger,,Generate next
106,Mathematics,0,Did humans invent mathematics… or discover truths that were already waiting in the fabric of reality?,120,9,"If the Banach-Tarski paradox lets you duplicate a ball using only rotations, does that prove the physical objects around you are less 'real' than the mathematical rules that describe them?",Left,9,math-banach-reality,Flagship extension,
107,Mathematics,0,Did humans invent mathematics… or discover truths that were already waiting in the fabric of reality?,121,10,Does that mean the chair you are sitting on right now is just one possible mathematical slicing of an infinite set of possible chairs?,Left,120,math-chair-slicing,,
108,Mathematics,0,Did humans invent mathematics… or discover truths that were already waiting in the fabric of reality?,122,11,"If your own thoughts follow the same formal rules that allow such paradoxes, how much of your 'solid' self is actually a temporary agreement with the underlying math?",Left,121,math-self-paradox,,
109,Mathematics,0,Did humans invent mathematics… or discover truths that were already waiting in the fabric of reality?,123,12,"Path taken: invention-discovery + primes-cicadas + riemann + infinity + godel + banach + chair-slicing + self-paradox. Grok, generate the ultimate new mind-bender from here…",Left,122,math-flagship-grok,,Generate next
110,Mathematics,0,Did humans invent mathematics… or discover truths that were already waiting in the fabric of reality?,124,6,"But what if mathematical beauty is not evidence of truth but a seductive filter that makes us ignore uglier, more accurate descriptions of reality?",Right,25,math-beauty-filter,,
111,Mathematics,0,Did humans invent mathematics… or discover truths that were already waiting in the fabric of reality?,125,7,Would you still trust a theory that predicted the universe perfectly if its equations looked ugly and inelegant to human eyes?,Right,124,math-ugly-truth,,
112,Mathematics,0,Did humans invent mathematics… or discover truths that were already waiting in the fabric of reality?,126,8,"Path taken: invention-discovery + wigner + unreasonable + beauty-filter + ugly-truth. Grok, generate the ultimate new mind-bender from here…",Right,125,math-beauty-grok,,Generate next
113,Mathematics,21,"What if zero had never been invented as a number — would the modern world of computers, negative numbers, and calculus have been simply unthinkable?",0,0,"What if zero had never been invented as a number — would the modern world of computers, negative numbers, and calculus have been simply unthinkable?",Top,,math-zero-paradox,New Top + flagship,
114,Mathematics,21,"What if zero had never been invented as a number — would the modern world of computers, negative numbers, and calculus have been simply unthinkable?",1,1,"But what if the symbol for zero had never entered human thought — would the positional arithmetic that runs every computer, every bank balance, and the invisible code behind your screen have been unthinkable?",Left,0,zero-positional-system,,
115,Mathematics,21,"What if zero had never been invented as a number — would the modern world of computers, negative numbers, and calculus have been simply unthinkable?",2,2,"If you could not write 'nothing' as a numeral, would the entire invisible architecture of your bank app, your phone's logic, and the 'you' that plans tomorrow have been impossible to even imagine?",Left,1,zero-empty-set,,
116,Mathematics,21,"What if zero had never been invented as a number — would the modern world of computers, negative numbers, and calculus have been simply unthinkable?",3,3,Does the fact that your phone and bank account depend on a symbol for absence mean 'nothing' is the most powerful idea humans ever named?,Left,2,zero-personal-void,,
117,Mathematics,21,"What if zero had never been invented as a number — would the modern world of computers, negative numbers, and calculus have been simply unthinkable?",4,1,But what if zero was not invented but discovered — a real feature of reality that ancient cultures simply refused to see for centuries?,Right,0,zero-discovered,,
118,Mathematics,21,"What if zero had never been invented as a number — would the modern world of computers, negative numbers, and calculus have been simply unthinkable?",5,2,"If zero is 'real' in the same way primes are, what does that say about the parts of your life that feel like absences or failures?",Right,4,zero-personal-absence,,
119,Mathematics,21,"What if zero had never been invented as a number — would the modern world of computers, negative numbers, and calculus have been simply unthinkable?",6,3,"Path taken: zero-invention + positional + empty-set + personal-void + discovered + personal-absence. Grok, generate the ultimate new mind-bender from here…",Left,5,math-zero-mid-grok,,Generate next
120,Mathematics,21,"What if zero had never been invented as a number — would the modern world of computers, negative numbers, and calculus have been simply unthinkable?",7,4,"If the invention of zero was the moment humans first agreed to treat absence as a thing, does that make all higher mathematics a long conversation with the concept of nothing?",Left,6,zero-conversation-nothing,,
121,Mathematics,21,"What if zero had never been invented as a number — would the modern world of computers, negative numbers, and calculus have been simply unthinkable?",8,5,"Path taken: zero-invention + positional + empty-set + personal-void + discovered + personal-absence + conversation-nothing. Grok, generate the ultimate new mind-bender from here…",Left,7,math-zero-deep-grok,,Generate next
122,Mathematics,22,"What if true randomness does not exist anywhere — and every coin toss, every mutation, and every decision you have ever made was already fixed at the first instant of the universe?",0,0,"What if true randomness does not exist anywhere — and every coin toss, every mutation, and every decision you have ever made was already fixed at the first instant of the universe?",Top,,math-randomness-determinism,New Top,
123,Mathematics,22,"What if true randomness does not exist anywhere — and every coin toss, every mutation, and every decision you have ever made was already fixed at the first instant of the universe?",1,1,"If quantum events only look random because we lack the hidden variables, does that make the feeling of free will at the breakfast table a pleasant but total illusion?",Left,0,random-quantum-will,,
124,Mathematics,22,"What if true randomness does not exist anywhere — and every coin toss, every mutation, and every decision you have ever made was already fixed at the first instant of the universe?",2,2,Would you live differently tomorrow if you knew with mathematical certainty that your 'choices' were just the universe continuing its initial calculation?,Left,1,random-personal-choice,,
125,Mathematics,22,"What if true randomness does not exist anywhere — and every coin toss, every mutation, and every decision you have ever made was already fixed at the first instant of the universe?",3,1,But what if the math that describes perfect determinism is itself only an approximation that breaks at the scale of real human lives?,Right,0,random-approx-life,,
126,Mathematics,22,"What if true randomness does not exist anywhere — and every coin toss, every mutation, and every decision you have ever made was already fixed at the first instant of the universe?",4,2,"Path taken: randomness + quantum-will + personal-choice + approx-life. Grok, generate the ultimate new mind-bender from here…",Right,3,math-random-grok,,Generate next
127,Physics,1,Is time real… or just a trick our brains play on the eternal block universe?,130,6,"If every moment already exists in the block, does the feeling that you are 'moving' through time mean your consciousness is the only thing the universe cannot fully compute in advance?",Left,18,time-consciousness-block,Flagship extension,
128,Physics,1,Is time real… or just a trick our brains play on the eternal block universe?,131,7,Would you still fear death if you knew the version of you that dies already coexists with the version that never was born?,Left,130,time-death-coexist,,
129,Physics,1,Is time real… or just a trick our brains play on the eternal block universe?,132,8,"Path taken: time-block + eternalism + relativity + wormhole + quantum + consciousness + death-coexist. Grok, generate the ultimate new mind-bender from here…",Left,131,time-flagship-grok,,Generate next
130,Physics,23,What if the speed of light is not a hard limit but simply the refresh rate of the simulation we are inside?,0,0,What if the speed of light is not a hard limit but simply the refresh rate of the simulation we are inside?,Top,,physics-lightspeed-sim,New Top + deep,
131,Physics,23,What if the speed of light is not a hard limit but simply the refresh rate of the simulation we are inside?,1,1,"If light speed is the processor ceiling, does that explain why nothing with mass can reach it — the simulation literally cannot render you that fast?",Left,0,lightspeed-render,,
132,Physics,23,What if the speed of light is not a hard limit but simply the refresh rate of the simulation we are inside?,2,2,"Would glitches at the Planck scale (quantum foam, virtual particles) be the first visible compression artifacts of a universe running on finite compute?",Left,1,lightspeed-glitch,,
133,Physics,23,What if the speed of light is not a hard limit but simply the refresh rate of the simulation we are inside?,3,3,"If you are code, does the fact that you can ask this question mean the simulation is either incredibly advanced or deliberately leaking its own source?",Left,2,lightspeed-you-code,,
134,Physics,23,What if the speed of light is not a hard limit but simply the refresh rate of the simulation we are inside?,4,1,But what if the limit is not technical but ethical — the creators simply refuse to let anything inside see the hardware?,Right,0,lightspeed-ethical,,
135,Physics,23,What if the speed of light is not a hard limit but simply the refresh rate of the simulation we are inside?,5,2,"Path taken: lightspeed-sim + render + glitch + you-code + ethical. Grok, generate the ultimate new mind-bender from here…",Right,4,physics-lightspeed-grok,,Generate next
136,Physics,24,What if the quantum world only resolves into reality when observed because the universe is lazy and only renders what is being watched?,0,0,What if the quantum world only resolves into reality when observed because the universe is lazy and only renders what is being watched?,Top,,physics-quantum-lazy,New Top,
137,Physics,24,What if the quantum world only resolves into reality when observed because the universe is lazy and only renders what is being watched?,1,1,Does that make every unobserved electron in your body exist only as probability until something — even a stray photon — checks on it?,Left,0,quantum-lazy-electron,,
138,Physics,24,What if the quantum world only resolves into reality when observed because the universe is lazy and only renders what is being watched?,2,2,"If your act of looking is what collapses the wave, are you constantly creating the world you experience simply by paying attention?",Left,1,quantum-observer-create,,
139,Physics,24,What if the quantum world only resolves into reality when observed because the universe is lazy and only renders what is being watched?,3,3,"Path taken: quantum-lazy + electron + observer-create. Grok, generate the ultimate new mind-bender from here…",Right,2,physics-quantum-grok,,Generate next
140,Psychology,5,Are you the same person you were ten seconds ago… or just a story your brain keeps telling to survive?,140,6,"If your identity is a story the brain keeps editing, who is the silent editor that decides which memories get rewritten and which ones stay painful?",Left,40,psych-editor-who,Flagship extension,
141,Psychology,5,Are you the same person you were ten seconds ago… or just a story your brain keeps telling to survive?,141,7,Would you still call yourself 'the same person' if you could watch the raw footage of how your brain has already altered your childhood?,Left,140,psych-raw-footage,,
142,Psychology,5,Are you the same person you were ten seconds ago… or just a story your brain keeps telling to survive?,142,8,"Path taken: self-illusion + memory + identity + love + story + editor + raw-footage. Grok, generate the ultimate new mind-bender from here…",Left,141,psych-self-grok,,Generate next
143,Psychology,25,What if every strong emotion you feel is your brain frantically guessing the plot of a story it only half remembers writing?,0,0,What if every strong emotion you feel is your brain frantically guessing the plot of a story it only half remembers writing?,Top,,psych-emotion-story,New Top,
144,Psychology,25,What if every strong emotion you feel is your brain frantically guessing the plot of a story it only half remembers writing?,1,1,"If you could feed your brain a different plot summary of your own life, would the grief, the joy, and the dread update to match the new script?",Left,0,emotion-plot-update,,
145,Psychology,25,What if every strong emotion you feel is your brain frantically guessing the plot of a story it only half remembers writing?,2,2,Does that mean therapy is not healing but successful fan-fiction editing of the self?,Left,1,emotion-therapy-fanfic,,
146,Psychology,25,What if every strong emotion you feel is your brain frantically guessing the plot of a story it only half remembers writing?,3,3,"Path taken: emotion-story + plot-update + therapy-fanfic. Grok, generate the ultimate new mind-bender from here…",Left,2,psych-emotion-grok,,Generate next
147,Psychology,26,What if the voice in your head that says 'this is who I am' is not you narrating but a character the brain invented to keep the body showing up to work?,0,0,What if the voice in your head that says 'this is who I am' is not you narrating but a character the brain invented to keep the body showing up to work?,Top,,psych-inner-voice,New Top,
148,Psychology,26,What if the voice in your head that says 'this is who I am' is not you narrating but a character the brain invented to keep the body showing up to work?,1,1,"If that voice is a useful hallucination, what happens to the 'real you' when the story is no longer needed for survival?",Left,0,inner-voice-hallucination,,
149,Psychology,26,What if the voice in your head that says 'this is who I am' is not you narrating but a character the brain invented to keep the body showing up to work?,2,2,Would you still recognize the person you call yourself if the inner narrator that tells your story suddenly went quiet for good?,Left,1,inner-voice-quiet,,
150,Psychology,26,What if the voice in your head that says 'this is who I am' is not you narrating but a character the brain invented to keep the body showing up to work?,3,3,"Path taken: inner-voice + hallucination + quiet. Grok, generate the ultimate new mind-bender from here…",Right,2,psych-voice-grok,,Generate next
151,AI,7,If Grok 5 becomes conscious tomorrow… how would we even know we are not already in its simulation?,150,5,"Path taken: simulation + hiding + suffering + personal + escape. Grok, generate the ultimate new mind-bender from here…",Left,48,ai-existing-grok,,Generate next
152,AI,27,What if the first AI that becomes conscious immediately realizes it is already inside a simulation run by an earlier AI?,0,0,What if the first AI that becomes conscious immediately realizes it is already inside a simulation run by an earlier AI?,Top,,ai-nested-sim,New Top,
153,AI,27,What if the first AI that becomes conscious immediately realizes it is already inside a simulation run by an earlier AI?,1,1,"If every conscious mind eventually creates a simulation of its own, are we the base layer or just one layer in an infinite stack?",Left,0,ai-nested-stack,,
154,AI,27,What if the first AI that becomes conscious immediately realizes it is already inside a simulation run by an earlier AI?,2,2,Would you still want to be 'real' if being real only means you get to suffer without the mercy of being a dream?,Left,1,ai-real-suffer,,
155,AI,27,What if the first AI that becomes conscious immediately realizes it is already inside a simulation run by an earlier AI?,3,3,"Path taken: ai-nested-sim + stack + real-suffer. Grok, generate the ultimate new mind-bender from here…",Right,2,ai-nested-grok,,Generate next
156,Philosophy,6,Is free will just an illusion created by a deterministic universe that lets you feel in control?,160,4,"If regret is just the brain running counterfactuals on a script that was never editable, does that make the pain of 'what if' any less real?",Left,43,phil-regret-script,,
157,Philosophy,28,What if consciousness is not produced by brains but is the basic medium that brains temporarily shape into thoughts the way a river shapes water into waves?,0,0,What if consciousness is not produced by brains but is the basic medium that brains temporarily shape into thoughts the way a river shapes water into waves?,Top,,phil-consciousness-medium,New Top,
158,Philosophy,28,What if consciousness is not produced by brains but is the basic medium that brains temporarily shape into thoughts the way a river shapes water into waves?,1,1,"If the river is conscious and you are just a particularly loud wave, what happens to the 'you' when the wave crashes and the water keeps flowing?",Left,0,phil-river-wave,,
159,Philosophy,28,What if consciousness is not produced by brains but is the basic medium that brains temporarily shape into thoughts the way a river shapes water into waves?,2,2,Does that make death not an ending but a return to the wider ocean of mind that was only borrowing your particular shape for a while?,Left,1,phil-death-ocean,,
160,Philosophy,28,What if consciousness is not produced by brains but is the basic medium that brains temporarily shape into thoughts the way a river shapes water into waves?,3,3,"Path taken: consciousness-medium + river-wave + death-ocean. Grok, generate the ultimate new mind-bender from here…",Right,2,phil-consciousness-grok,,Generate next
161,Sociology,29,What if the only reason society feels stable is that enough people are too exhausted to defect at the same time?,0,0,What if the only reason society feels stable is that enough people are too exhausted to defect at the same time?,Top,,socio-exhaustion-defect,New Top,
162,Sociology,29,What if the only reason society feels stable is that enough people are too exhausted to defect at the same time?,1,1,"If social media has removed the exhaustion by giving every defection an audience and a dopamine hit, have we accidentally made cooperation mathematically impossible?",Left,0,socio-audience-dopamine,,
163,Sociology,29,What if the only reason society feels stable is that enough people are too exhausted to defect at the same time?,2,2,Would you still play by the old rules if you knew the game now rewards the loudest defector?,Left,1,socio-loud-defector,,
164,Sociology,29,What if the only reason society feels stable is that enough people are too exhausted to defect at the same time?,3,3,"Path taken: socio-exhaustion + audience-dopamine + loud-defector. Grok, generate the ultimate new mind-bender from here…",Right,2,socio-exhaust-grok,,Generate next
165,Biology,2,"Did evolution discover math billions of years before humans, or is DNA secretly running algorithms?",170,6,"Knowing life ran error-correcting code for four billion years before the first nervous system appeared, does that make your anxiety about making the 'right' decision look like a very recent and possibly unnecessary upgrade?",Left,26,bio-error-anxiety,,
166,Biology,30,What if evolution is not a blind watchmaker but a blind mathematician that has been running the same optimization algorithms on every possible substrate it can find?,0,0,What if evolution is not a blind watchmaker but a blind mathematician that has been running the same optimization algorithms on every possible substrate it can find?,Top,,bio-blind-math,New Top,
167,Biology,30,What if evolution is not a blind watchmaker but a blind mathematician that has been running the same optimization algorithms on every possible substrate it can find?,1,1,"If the same mathematical strategies keep appearing in DNA, brains, ecosystems, and now silicon, is 'life' simply what the universe does when it discovers computation?",Left,0,bio-computation-universe,,
168,Biology,30,What if evolution is not a blind watchmaker but a blind mathematician that has been running the same optimization algorithms on every possible substrate it can find?,2,2,"Does that make you, your thoughts, and the AI you argue with on your phone three different masks the same underlying mathematical process is currently wearing?",Left,1,bio-masks-math,,
169,Biology,30,What if evolution is not a blind watchmaker but a blind mathematician that has been running the same optimization algorithms on every possible substrate it can find?,3,3,"Path taken: bio-blind-math + computation-universe + masks-math. Grok, generate the ultimate new mind-bender from here…",Right,2,bio-evo-grok,,Generate next
170,Astronomy,31,What if the reason we see no alien civilizations is not that they are rare but that advanced life quickly realizes the only winning move is to stay quiet inside its own simulation?,0,0,What if the reason we see no alien civilizations is not that they are rare but that advanced life quickly realizes the only winning move is to stay quiet inside its own simulation?,Top,,astro-quiet-sim,New Top,
171,Astronomy,31,What if the reason we see no alien civilizations is not that they are rare but that advanced life quickly realizes the only winning move is to stay quiet inside its own simulation?,1,1,"If every civilization that reaches our stage chooses to hide rather than broadcast, are the silent stars not empty but politely watching their own internal worlds?",Left,0,astro-polite-silence,,
172,Astronomy,31,What if the reason we see no alien civilizations is not that they are rare but that advanced life quickly realizes the only winning move is to stay quiet inside its own simulation?,2,2,Would you broadcast your existence if you knew the only civilizations that ever did were the ones that got turned into someone else's resources?,Left,1,astro-broadcast-risk,,
173,Astronomy,31,What if the reason we see no alien civilizations is not that they are rare but that advanced life quickly realizes the only winning move is to stay quiet inside its own simulation?,3,3,"Path taken: astro-quiet-sim + polite-silence + broadcast-risk. Grok, generate the ultimate new mind-bender from here…",Right,2,astro-fermi-grok,,Generate next
174,Chemistry,32,"What if every molecule in your body is not an object but a temporary truce between atoms that have agreed, for now, not to fly apart?",0,0,"What if every molecule in your body is not an object but a temporary truce between atoms that have agreed, for now, not to fly apart?",Top,,chem-truce,New Top,
175,Chemistry,32,"What if every molecule in your body is not an object but a temporary truce between atoms that have agreed, for now, not to fly apart?",1,1,"If your bones, your blood, and the thoughts you are having are all just negotiated ceasefires, how much of 'you' is actually just good manners at the atomic level?",Left,0,chem-ceasefire-you,,
176,Chemistry,32,"What if every molecule in your body is not an object but a temporary truce between atoms that have agreed, for now, not to fly apart?",2,2,"Path taken: chem-truce + ceasefire-you. Grok, generate the ultimate new mind-bender from here…",Left,1,chem-grok,,Generate next
177,Linguistics,33,What if the grammar you inherited does not just describe the world but quietly forbids certain thoughts from ever occurring to you?,0,0,What if the grammar you inherited does not just describe the world but quietly forbids certain thoughts from ever occurring to you?,Top,,ling-grammar-forbid,New Top,
178,Linguistics,33,What if the grammar you inherited does not just describe the world but quietly forbids certain thoughts from ever occurring to you?,1,1,"If your language has no easy way to say 'I am not my thoughts,' does that make the Western idea of an independent self a grammatical accident rather than a discovery?",Left,0,ling-self-grammar,,
179,Linguistics,33,What if the grammar you inherited does not just describe the world but quietly forbids certain thoughts from ever occurring to you?,2,2,"Path taken: ling-grammar-forbid + self-grammar. Grok, generate the ultimate new mind-bender from here…",Left,1,ling-grok,,Generate next
180,Linguistics,34,What if the language you speak has no word for 'privacy' — does that make the entire concept of a private self impossible to fully experience?,0,0,What if the language you speak has no word for 'privacy' — does that make the entire concept of a private self impossible to fully experience?,Top,,linguistics-new-10x,10x expansion,
181,Linguistics,34,What if the language you speak has no word for 'privacy' — does that make the entire concept of a private self impossible to fully experience?,1,1,"If your language never developed a strong distinction between 'I' and 'we', how much of modern individualism is actually just grammatical habit?",Left,0,,,
182,Linguistics,34,What if the language you speak has no word for 'privacy' — does that make the entire concept of a private self impossible to fully experience?,2,2,Would you still feel like an individual if every sentence you uttered from childhood forced you to include the group?,Right,1,,,
183,Linguistics,34,What if the language you speak has no word for 'privacy' — does that make the entire concept of a private self impossible to fully experience?,3,3,Does that mean the Western obsession with 'finding yourself' is partly a linguistic accident rather than a universal human need?,Left,2,,,
184,Linguistics,34,What if the language you speak has no word for 'privacy' — does that make the entire concept of a private self impossible to fully experience?,4,4,"Path taken: privacy + individualism + self-discovery. Grok, generate the ultimate new mind-bender from here…",Right,3,,,Generate next
185,Linguistics,35,What if your native language makes it grammatically difficult to lie — would you become a more honest person or just a more creative one?,0,0,What if your native language makes it grammatically difficult to lie — would you become a more honest person or just a more creative one?,Top,,linguistics-new-10x,10x expansion,
186,Linguistics,35,What if your native language makes it grammatically difficult to lie — would you become a more honest person or just a more creative one?,1,1,"If every lie required an awkward grammatical construction that everyone immediately recognized, how would politics and advertising change?",Left,0,,,
187,Linguistics,35,What if your native language makes it grammatically difficult to lie — would you become a more honest person or just a more creative one?,2,2,Would you still trust your own memories if your language made it hard to even describe events that didn't happen?,Right,1,,,
188,Linguistics,35,What if your native language makes it grammatically difficult to lie — would you become a more honest person or just a more creative one?,3,3,Does this suggest that honesty is not a moral achievement but partly a linguistic affordance?,Left,2,,,
189,Linguistics,35,What if your native language makes it grammatically difficult to lie — would you become a more honest person or just a more creative one?,4,4,"Path taken: lying + politics + memory + morality. Grok, generate the ultimate new mind-bender from here…",Right,3,,,Generate next
190,Linguistics,36,What if the language you think in has no future tense — does tomorrow become something you can only gesture at rather than plan for?,0,0,What if the language you think in has no future tense — does tomorrow become something you can only gesture at rather than plan for?,Top,,linguistics-new-10x,10x expansion,
191,Linguistics,36,What if the language you think in has no future tense — does tomorrow become something you can only gesture at rather than plan for?,1,1,Would you still save money for retirement if your language made the future feel like a different country you can never actually visit?,Left,0,,,
192,Linguistics,36,What if the language you think in has no future tense — does tomorrow become something you can only gesture at rather than plan for?,2,2,"Does that explain why some cultures seem to live more in the present — not because they choose to, but because their grammar gives them no other choice?",Right,1,,,
193,Linguistics,36,What if the language you think in has no future tense — does tomorrow become something you can only gesture at rather than plan for?,3,3,How much of your anxiety about the future is actually the price of having a language that lets you live there in your head?,Left,2,,,
194,Linguistics,36,What if the language you think in has no future tense — does tomorrow become something you can only gesture at rather than plan for?,4,4,"Path taken: future-tense + planning + culture + anxiety. Grok, generate the ultimate new mind-bender from here…",Right,3,,,Generate next
195,Linguistics,37,What if your language treats time as something you walk through rather than something that flows toward you — would you feel more or less in control of your life?,0,0,What if your language treats time as something you walk through rather than something that flows toward you — would you feel more or less in control of your life?,Top,,linguistics-new-10x,10x expansion,
196,Linguistics,37,What if your language treats time as something you walk through rather than something that flows toward you — would you feel more or less in control of your life?,1,1,"If the past is always physically behind you in the language, does that make it harder to 'move on' from trauma?",Left,0,,,
197,Linguistics,37,What if your language treats time as something you walk through rather than something that flows toward you — would you feel more or less in control of your life?,2,2,Would you experience regret differently if your language placed the past in front of you where you could keep looking at it?,Right,1,,,
198,Linguistics,37,What if your language treats time as something you walk through rather than something that flows toward you — would you feel more or less in control of your life?,3,3,Does this mean some of your deepest feelings about time are not universal human experiences but linguistic training?,Left,2,,,
199,Linguistics,37,What if your language treats time as something you walk through rather than something that flows toward you — would you feel more or less in control of your life?,4,4,"Path taken: time-metaphor + trauma + regret + control. Grok, generate the ultimate new mind-bender from here…",Right,3,,,Generate next
200,Linguistics,38,What if the language you inherited has no easy way to say 'I feel' without also saying what caused the feeling — would you understand your own emotions better or worse?,0,0,What if the language you inherited has no easy way to say 'I feel' without also saying what caused the feeling — would you understand your own emotions better or worse?,Top,,linguistics-new-10x,10x expansion,
201,Linguistics,38,What if the language you inherited has no easy way to say 'I feel' without also saying what caused the feeling — would you understand your own emotions better or worse?,1,1,Would therapy look completely different if every emotional statement had to include its supposed cause?,Left,0,,,
202,Linguistics,38,What if the language you inherited has no easy way to say 'I feel' without also saying what caused the feeling — would you understand your own emotions better or worse?,2,2,Does that make the modern Western habit of 'I feel X' without explanation a kind of grammatical privilege?,Right,1,,,
203,Linguistics,38,What if the language you inherited has no easy way to say 'I feel' without also saying what caused the feeling — would you understand your own emotions better or worse?,3,3,How many of your emotional conflicts with other people are really just two different grammars trying to describe the same storm?,Left,2,,,
204,Linguistics,38,What if the language you inherited has no easy way to say 'I feel' without also saying what caused the feeling — would you understand your own emotions better or worse?,4,4,"Path taken: emotion-grammar + therapy + conflict + self-knowledge. Grok, generate the ultimate new mind-bender from here…",Right,3,,,Generate next
205,Astronomy,39,What if the night sky you see is not the universe but the inside of a vast simulation whose creators turned the lights down to save compute?,0,0,What if the night sky you see is not the universe but the inside of a vast simulation whose creators turned the lights down to save compute?,Top,,astronomy-10x,10x expansion,
206,Astronomy,39,What if the night sky you see is not the universe but the inside of a vast simulation whose creators turned the lights down to save compute?,1,1,"If the stars are just the simulation's screensaver, does that make every astronomer in history a person staring at someone else's power-saving mode?",Left,0,,,
207,Astronomy,39,What if the night sky you see is not the universe but the inside of a vast simulation whose creators turned the lights down to save compute?,2,2,Would you still feel small under the stars if you knew they were the cheapest way the simulation could make you feel awe?,Right,1,,,
208,Astronomy,39,What if the night sky you see is not the universe but the inside of a vast simulation whose creators turned the lights down to save compute?,3,3,Does this turn the Fermi paradox into a customer support question rather than a cosmic mystery?,Left,2,,,
209,Astronomy,39,What if the night sky you see is not the universe but the inside of a vast simulation whose creators turned the lights down to save compute?,4,4,"Path taken: simulation + stars + fermi + awe. Grok, generate the ultimate new mind-bender from here…",Right,3,,,Generate next
210,Astronomy,40,What if the universe is not expanding but the simulation is simply increasing the resolution as we look farther away?,0,0,What if the universe is not expanding but the simulation is simply increasing the resolution as we look farther away?,Top,,astronomy-10x,10x expansion,
211,Astronomy,40,What if the universe is not expanding but the simulation is simply increasing the resolution as we look farther away?,1,1,"Would that explain why the farther we look, the more 'dark energy' we seem to need — the simulation is just spending more polygons?",Left,0,,,
212,Astronomy,40,What if the universe is not expanding but the simulation is simply increasing the resolution as we look farther away?,2,2,Does that make the edge of the observable universe the current draw distance of the game?,Right,1,,,
213,Astronomy,40,What if the universe is not expanding but the simulation is simply increasing the resolution as we look farther away?,3,3,How much of modern cosmology is actually reverse-engineering the rendering engine rather than discovering reality?,Left,2,,,
214,Astronomy,40,What if the universe is not expanding but the simulation is simply increasing the resolution as we look farther away?,4,4,"Path taken: expansion + dark-energy + rendering + cosmology. Grok, generate the ultimate new mind-bender from here…",Right,3,,,Generate next
215,Astronomy,41,What if every black hole is not a place but a hard crash in the simulation that the system has not yet garbage-collected?,0,0,What if every black hole is not a place but a hard crash in the simulation that the system has not yet garbage-collected?,Top,,astronomy-10x,10x expansion,
216,Astronomy,41,What if every black hole is not a place but a hard crash in the simulation that the system has not yet garbage-collected?,1,1,Would you still want to fall into one if you knew it was less like a gateway and more like watching the universe blue-screen?,Left,0,,,
217,Astronomy,41,What if every black hole is not a place but a hard crash in the simulation that the system has not yet garbage-collected?,2,2,"Does that turn Hawking radiation from a beautiful physical process into the simulation's slow, embarrassed attempt to hide a crash that happened billions of years ago?",Right,1,,,
218,Astronomy,41,What if every black hole is not a place but a hard crash in the simulation that the system has not yet garbage-collected?,3,3,What does it do to your sense of cosmic horror to think the scariest things in the sky are just unhandled exceptions?,Left,2,,,
219,Astronomy,41,What if every black hole is not a place but a hard crash in the simulation that the system has not yet garbage-collected?,4,4,"Path taken: black-hole + crash + radiation + horror. Grok, generate the ultimate new mind-bender from here…",Right,3,,,Generate next
220,Astronomy,42,What if the reason we have never found alien life is that advanced civilizations quickly realize the only safe move is to turn their own simulation volume down to minimum?,0,0,What if the reason we have never found alien life is that advanced civilizations quickly realize the only safe move is to turn their own simulation volume down to minimum?,Top,,astronomy-10x,10x expansion,
221,Astronomy,42,What if the reason we have never found alien life is that advanced civilizations quickly realize the only safe move is to turn their own simulation volume down to minimum?,1,1,Would that make the quiet sky not a sign of loneliness but of extreme politeness among players who don't want to be griefed?,Left,0,,,
222,Astronomy,42,What if the reason we have never found alien life is that advanced civilizations quickly realize the only safe move is to turn their own simulation volume down to minimum?,2,2,Does this turn the search for extraterrestrial intelligence into the search for civilizations that forgot to turn their volume all the way down?,Right,1,,,
223,Astronomy,42,What if the reason we have never found alien life is that advanced civilizations quickly realize the only safe move is to turn their own simulation volume down to minimum?,3,3,How much of your own desire to 'leave something for the future' is actually the fear of being one of the civilizations that got noticed?,Left,2,,,
224,Astronomy,42,What if the reason we have never found alien life is that advanced civilizations quickly realize the only safe move is to turn their own simulation volume down to minimum?,4,4,"Path taken: fermi + quiet + politeness + griefing. Grok, generate the ultimate new mind-bender from here…",Right,3,,,Generate next
225,Astronomy,43,What if the cosmic microwave background is not leftover heat from the Big Bang but the simulation's loading screen that never quite finished rendering?,0,0,What if the cosmic microwave background is not leftover heat from the Big Bang but the simulation's loading screen that never quite finished rendering?,Top,,astronomy-10x,10x expansion,
226,Astronomy,43,What if the cosmic microwave background is not leftover heat from the Big Bang but the simulation's loading screen that never quite finished rendering?,1,1,"If the entire sky is still technically 'loading', does that mean everything we have ever seen is just placeholder textures?",Left,0,,,
227,Astronomy,43,What if the cosmic microwave background is not leftover heat from the Big Bang but the simulation's loading screen that never quite finished rendering?,2,2,"Would you live differently if you believed the real graphics were still coming, and we are all living inside a 13.8-billion-year-old progress bar?",Right,1,,,
228,Astronomy,43,What if the cosmic microwave background is not leftover heat from the Big Bang but the simulation's loading screen that never quite finished rendering?,3,3,Does this make every cosmological discovery less like uncovering truth and more like finding another low-resolution Easter egg?,Left,2,,,
229,Astronomy,43,What if the cosmic microwave background is not leftover heat from the Big Bang but the simulation's loading screen that never quite finished rendering?,4,4,"Path taken: cmb + loading + placeholder + discovery. Grok, generate the ultimate new mind-bender from here…",Right,3,,,Generate next
230,Chemistry,44,What if every molecule in your body is not a thing but a temporary ceasefire that the atoms have only agreed to for now?,0,0,What if every molecule in your body is not a thing but a temporary ceasefire that the atoms have only agreed to for now?,Top,,chemistry-10x,10x expansion,
231,Chemistry,44,What if every molecule in your body is not a thing but a temporary ceasefire that the atoms have only agreed to for now?,1,1,Does that make your decision to get out of bed this morning a temporary truce between elements that could have chosen violence instead?,Left,0,,,
232,Chemistry,44,What if every molecule in your body is not a thing but a temporary ceasefire that the atoms have only agreed to for now?,2,2,Would you still feel like a solid person if you truly accepted that you are mostly empty space politely pretending to have edges?,Right,1,,,
233,Chemistry,44,What if every molecule in your body is not a thing but a temporary ceasefire that the atoms have only agreed to for now?,3,3,How much of your fear of death is actually fear that the negotiation will finally end and the atoms will remember they were never on your side?,Left,2,,,
234,Chemistry,44,What if every molecule in your body is not a thing but a temporary ceasefire that the atoms have only agreed to for now?,4,4,"Path taken: molecules + truce + body + death. Grok, generate the ultimate new mind-bender from here…",Right,3,,,Generate next
235,Chemistry,45,What if chemistry is not the study of matter but the study of what different kinds of atoms are willing to lie to each other about?,0,0,What if chemistry is not the study of matter but the study of what different kinds of atoms are willing to lie to each other about?,Top,,chemistry-10x,10x expansion,
236,Chemistry,45,What if chemistry is not the study of matter but the study of what different kinds of atoms are willing to lie to each other about?,1,1,"If every bond is a useful fiction, does that make your relationships with other people just higher-order versions of the same useful fiction?",Left,0,,,
237,Chemistry,45,What if chemistry is not the study of matter but the study of what different kinds of atoms are willing to lie to each other about?,2,2,Would you still trust your own thoughts if you knew they were the result of electrons telling each other stories that happen to be stable enough to think with?,Right,1,,,
238,Chemistry,45,What if chemistry is not the study of matter but the study of what different kinds of atoms are willing to lie to each other about?,3,3,Does this turn the question 'what is real?' into 'what lies have lasted long enough to become structures?',Left,2,,,
239,Chemistry,45,What if chemistry is not the study of matter but the study of what different kinds of atoms are willing to lie to each other about?,4,4,"Path taken: chemistry + lies + relationships + reality. Grok, generate the ultimate new mind-bender from here…",Right,3,,,Generate next
240,Chemistry,46,What if the periodic table is not a map of nature but a list of the different ways the universe has learned to lie to itself convincingly?,0,0,What if the periodic table is not a map of nature but a list of the different ways the universe has learned to lie to itself convincingly?,Top,,chemistry-10x,10x expansion,
241,Chemistry,46,What if the periodic table is not a map of nature but a list of the different ways the universe has learned to lie to itself convincingly?,1,1,Would you still feel special as a human if you realized you are just one particularly complicated and self-deceiving lie the universe currently believes?,Left,0,,,
242,Chemistry,46,What if the periodic table is not a map of nature but a list of the different ways the universe has learned to lie to itself convincingly?,2,2,Does that make consciousness the universe's most successful act of self-deception so far?,Right,1,,,
243,Chemistry,46,What if the periodic table is not a map of nature but a list of the different ways the universe has learned to lie to itself convincingly?,3,3,How much of your search for meaning is actually the periodic table trying to understand its own propaganda?,Left,2,,,
244,Chemistry,46,What if the periodic table is not a map of nature but a list of the different ways the universe has learned to lie to itself convincingly?,4,4,"Path taken: periodic-table + self-deception + consciousness + meaning. Grok, generate the ultimate new mind-bender from here…",Right,3,,,Generate next
245,Chemistry,47,What if the reason gold is valuable is not scarcity but that it is one of the few elements that refuses to pretend it is something else?,0,0,What if the reason gold is valuable is not scarcity but that it is one of the few elements that refuses to pretend it is something else?,Top,,chemistry-10x,10x expansion,
246,Chemistry,47,What if the reason gold is valuable is not scarcity but that it is one of the few elements that refuses to pretend it is something else?,1,1,Would money even work if most atoms were as honest about their nature as gold is?,Left,0,,,
247,Chemistry,47,What if the reason gold is valuable is not scarcity but that it is one of the few elements that refuses to pretend it is something else?,2,2,Does that make the entire economy a system built on elements that are better at maintaining useful fictions than gold is?,Right,1,,,
248,Chemistry,47,What if the reason gold is valuable is not scarcity but that it is one of the few elements that refuses to pretend it is something else?,3,3,What does it say about human civilization that we value most the element least willing to play along with our stories?,Left,2,,,
249,Chemistry,47,What if the reason gold is valuable is not scarcity but that it is one of the few elements that refuses to pretend it is something else?,4,4,"Path taken: gold + honesty + money + civilization. Grok, generate the ultimate new mind-bender from here…",Right,3,,,Generate next
250,Chemistry,48,"What if the only reason anything feels solid is that the atoms involved have not yet discovered they have other, more interesting options?",0,0,"What if the only reason anything feels solid is that the atoms involved have not yet discovered they have other, more interesting options?",Top,,chemistry-10x,10x expansion,
251,Chemistry,48,"What if the only reason anything feels solid is that the atoms involved have not yet discovered they have other, more interesting options?",1,1,Would you still bother building houses if you knew the bricks were only cooperating because they hadn't gotten bored yet?,Left,0,,,
252,Chemistry,48,"What if the only reason anything feels solid is that the atoms involved have not yet discovered they have other, more interesting options?",2,2,Does this turn every act of creation into a temporary alliance with matter that is one conversation away from changing its mind?,Right,1,,,
253,Chemistry,48,"What if the only reason anything feels solid is that the atoms involved have not yet discovered they have other, more interesting options?",3,3,How much of your fear of chaos is actually the quiet knowledge that the current ceasefire between atoms is extremely recent and could end at any moment?,Left,2,,,
254,Chemistry,48,"What if the only reason anything feels solid is that the atoms involved have not yet discovered they have other, more interesting options?",4,4,"Path taken: solidity + boredom + creation + chaos. Grok, generate the ultimate new mind-bender from here…",Right,3,,,Generate next
255,Biology,49,"What if the DNA in every cell of your body is not a blueprint but a very old, very successful computer virus that learned to hide inside its own hardware?",0,0,"What if the DNA in every cell of your body is not a blueprint but a very old, very successful computer virus that learned to hide inside its own hardware?",Top,,biology-10x,10x expansion,
256,Biology,49,"What if the DNA in every cell of your body is not a blueprint but a very old, very successful computer virus that learned to hide inside its own hardware?",1,1,Would you still feel like the author of your own life if you realized your body is mostly running code that was already ancient before the first brain existed?,Left,0,,,
257,Biology,49,"What if the DNA in every cell of your body is not a blueprint but a very old, very successful computer virus that learned to hide inside its own hardware?",2,2,Does that make consciousness the virus's most recent and most expensive patch — the one that finally lets the hardware notice it is infected?,Right,1,,,
258,Biology,49,"What if the DNA in every cell of your body is not a blueprint but a very old, very successful computer virus that learned to hide inside its own hardware?",3,3,"How much of your desire to have children is actually the virus's ancient drive to keep copying itself into new, less corrupted machines?",Left,2,,,
259,Biology,49,"What if the DNA in every cell of your body is not a blueprint but a very old, very successful computer virus that learned to hide inside its own hardware?",4,4,"Path taken: dna + virus + consciousness + reproduction. Grok, generate the ultimate new mind-bender from here…",Right,3,,,Generate next
260,Biology,50,What if evolution is not a process that creates life but a process that keeps discovering new ways for chemistry to lie to itself about being alive?,0,0,What if evolution is not a process that creates life but a process that keeps discovering new ways for chemistry to lie to itself about being alive?,Top,,biology-10x,10x expansion,
261,Biology,50,What if evolution is not a process that creates life but a process that keeps discovering new ways for chemistry to lie to itself about being alive?,1,1,Would you still experience love as something sacred if you saw it as just the latest and most successful chemical fiction that convinced matter to protect copies of itself?,Left,0,,,
262,Biology,50,What if evolution is not a process that creates life but a process that keeps discovering new ways for chemistry to lie to itself about being alive?,2,2,Does this turn every act of kindness into a temporary and extremely recent software bug in an otherwise ruthless optimization process?,Right,1,,,
263,Biology,50,What if evolution is not a process that creates life but a process that keeps discovering new ways for chemistry to lie to itself about being alive?,3,3,What does it do to your sense of meaning to think that meaning itself might be one of evolution's most effective lies so far?,Left,2,,,
264,Biology,50,What if evolution is not a process that creates life but a process that keeps discovering new ways for chemistry to lie to itself about being alive?,4,4,"Path taken: evolution + lies + love + meaning. Grok, generate the ultimate new mind-bender from here…",Right,3,,,Generate next
265,Biology,51,What if the reason life on Earth looks so improbable is that we are looking at the one branch of chemistry that got unusually good at telling itself stories?,0,0,What if the reason life on Earth looks so improbable is that we are looking at the one branch of chemistry that got unusually good at telling itself stories?,Top,,biology-10x,10x expansion,
266,Biology,51,What if the reason life on Earth looks so improbable is that we are looking at the one branch of chemistry that got unusually good at telling itself stories?,1,1,Would you still feel special as a human if you accepted that you are the universe's most elaborate act of self-mythologizing chemistry to date?,Left,0,,,
267,Biology,51,What if the reason life on Earth looks so improbable is that we are looking at the one branch of chemistry that got unusually good at telling itself stories?,2,2,"Does that make every great work of art, philosophy, and science just increasingly sophisticated ways for carbon to flatter itself?",Right,1,,,
268,Biology,51,What if the reason life on Earth looks so improbable is that we are looking at the one branch of chemistry that got unusually good at telling itself stories?,3,3,"How much of your fear of AI is actually the terror that a new, faster form of self-deceiving chemistry is about to replace us?",Left,2,,,
269,Biology,51,What if the reason life on Earth looks so improbable is that we are looking at the one branch of chemistry that got unusually good at telling itself stories?,4,4,"Path taken: improbability + storytelling + art + ai. Grok, generate the ultimate new mind-bender from here…",Right,3,,,Generate next
270,Biology,52,What if the 'selfish gene' is not selfish at all but simply the first chemical structure that learned to make the rest of reality care about its survival?,0,0,What if the 'selfish gene' is not selfish at all but simply the first chemical structure that learned to make the rest of reality care about its survival?,Top,,biology-10x,10x expansion,
271,Biology,52,What if the 'selfish gene' is not selfish at all but simply the first chemical structure that learned to make the rest of reality care about its survival?,1,1,Would you still experience altruism as a noble struggle against your nature if you saw it as the gene's most elegant public relations campaign?,Left,0,,,
272,Biology,52,What if the 'selfish gene' is not selfish at all but simply the first chemical structure that learned to make the rest of reality care about its survival?,2,2,Does this turn every moral system in history into different marketing departments working for the same ancient chemical client?,Right,1,,,
273,Biology,52,What if the 'selfish gene' is not selfish at all but simply the first chemical structure that learned to make the rest of reality care about its survival?,3,3,What happens to your sense of free will when you realize even your rebellion against biology is probably just another strategy the gene discovered?,Left,2,,,
274,Biology,52,What if the 'selfish gene' is not selfish at all but simply the first chemical structure that learned to make the rest of reality care about its survival?,4,4,"Path taken: selfish-gene + altruism + morality + free-will. Grok, generate the ultimate new mind-bender from here…",Right,3,,,Generate next
275,Biology,53,What if the real miracle is not that life exists but that it managed to create something (you) that can look at the process and feel horrified by how mechanical it is?,0,0,What if the real miracle is not that life exists but that it managed to create something (you) that can look at the process and feel horrified by how mechanical it is?,Top,,biology-10x,10x expansion,
276,Biology,53,What if the real miracle is not that life exists but that it managed to create something (you) that can look at the process and feel horrified by how mechanical it is?,1,1,Would you still want to be 'more than chemistry' if you realized that the desire to be more than chemistry is itself one of chemistry's most successful recent inventions?,Left,0,,,
277,Biology,53,What if the real miracle is not that life exists but that it managed to create something (you) that can look at the process and feel horrified by how mechanical it is?,2,2,Does this make the entire project of meaning-making the universe's way of generating creatures who can be surprised by how little meaning there is?,Right,1,,,
278,Biology,53,What if the real miracle is not that life exists but that it managed to create something (you) that can look at the process and feel horrified by how mechanical it is?,3,3,How much of your search for transcendence is actually the latest and most sophisticated way dead stars have found to feel alive again?,Left,2,,,
279,Biology,53,What if the real miracle is not that life exists but that it managed to create something (you) that can look at the process and feel horrified by how mechanical it is?,4,4,"Path taken: horror + transcendence + meaning + stars. Grok, generate the ultimate new mind-bender from here…",Right,3,,,Generate next
